latest_burned_block,sender_address,total_burned
26347275,0x512c579153ac6fd961a7d9e7b19281b855aafbe1,62212211713351600006656
25721002,0xbe2031654668a67cb80a5180ded00c70676cf4f5,4462723772284976000000
26180937,0x5aa4066dfb70044dc5eec8274b9b23334bd9b42e,33156532083850609937807
26278317,0xc8480f441c287cdbe2ce31826302b4d039e97811,1488910918003050522581
26371831,0x5404eb3940eb7f9161434bea0c913458e128a80f,1172694456900579000000
25817211,0x1a7a6842231c6349305c7d5204081d185afc9974,3121837117072954000000
26207165,0x15a69bd652a2db3834a37bbaa1f6529ce2be1e02,464266373684006721096
25728593,0x678ae5e8eada89399a11037599fb81be05ede9d1,1000000000000000000000000
25983790,0x48146d0e2222108efd4c4748c527eaea8e6b9311,8073170809764588586800
26203709,0xca5c423e40ef7e3341cde8adf38421e92fd47d0b,24183788739914950313956
25828093,0x48c86c198744dd0a2e1a377d91f67e6a823611b1,729294393020953802096
25940301,0xfa4dfbe7b012b1d92fdd5544f30518bb58bd41ce,717716849419335339964958
25885644,0x245c2a4a71cc20e4cf48ee0c553759c2d5de9599,3483367291897317092145
26229952,0x944b4cd2a1e6a59cbec6ca0777267f11c3c981e2,3710638086563188632988
25733519,0x0ea24ba038ccdf1784ba69a3446bf79d9da013b7,1000000000000000000
25710117,0x04d39a3c66e5c3d1507400e2623b0b4ee5ded5ad,649885911475706250000
25816996,0x091d67e5a53b297ebc0dff14ac88c0eb4a994468,12290377252688921000000
25768927,0x951e3c8437812460f35ea9d8a42343b07c729e60,1000000000000000000000000
25819440,0xec7f8e52191447219bdd25d013736614e9fefc4d,1000000000000000000000000
25728806,0x83ae1b1b66b751b9267f3a4a7524ece5fb0b0d89,26109606567622649000000
25711581,0x17db7dfcccddabd6faf7919495c603d7a803db8d,600000000000000000000
26399310,0xc74e3ddb22d2bedb484fed8562f8748b9dd29473,20212450668534528848503
25918196,0x2ede679c0c4fcee934da3641f8736f565a6615d8,1000000000000000000000000
25727525,0x70c33df3d61c751bc42da00054b785aba103863b,1000000000000000000
26241897,0x66206c42c5667202c62eea5bc6bdf4634561c6d8,751378766123717760384
26387685,0x8bb566d19f09a549f74b612df9de6c78a59c570c,217514551502417000000
26114243,0x88415e7f51f3be128945e43e120e8900ed92fd13,100000000000000000000
25885692,0x141d93a0a4720c766700f8b0a86ecaf09b746190,345273288316292177647872
25718682,0x4b6855dcd7941d782cd74f933e2f79976606a23a,100000000000000000000
25899356,0x9e927afb36059a4a1e50c3db2876391a7d8efaf7,274314308337575739162
25940542,0xe33a7d5c0d8c9b585c6c5db9bad95e4cbde8052f,9932398652797698704
26341861,0x859d06ebf8943b404db286f18213f550b8d81765,240005540990530640775
25719740,0xbaf88181a1c74d1fea19a6313c0d3de73c4c260f,1000000000000000000
25848926,0x3295cb24caf286a5ccc2410e4e7376a7a22ef1e9,11043378530841000000
26400260,0x9c8ee61558cf45b69be055663edfc8b33c4d0b42,4114637525603834314226
25750682,0x089c08546c12f8fa4ae77e3c63e4d03c86f53e44,1000000000000000000000
25710626,0x20c6fa1422e9585faedf2b5e6422ef50d6a51cbe,1000000000000000000
26319933,0x1f378e93bf6100de8e1da65ac9487a1227c88e3f,7745398600303223148317
25731930,0xd82d6e4ff3fe44ecdb4830e1e47d9b36390c3f28,2000000000000000000
25734555,0x0e07ecb7ea74b53f41a3c82b9ff7323512866ce8,683963495908773872000000
26051828,0x9224a889c4c0d023c034921a222d6cb8b04218b2,2158575564996441000000
25865969,0x268b854ddd381e4bcd9bf21f0271e527f4729608,1729790788856293000000
25711683,0x706ebaee49465bad21384cd70549346fac1c9f4a,1000000000000000000
25727626,0x2573e5efe8d28d6bacdbbab396ebd8ecf0ac0dd6,1000000000000000000000000
25710862,0x9c3f9acf579405750d97ed7cf9f7e903ce4c63e4,11565909275486760000000
25974729,0xd9f735e64919d2cb0e4abc384a4bb4d3bbfc3ecb,1245345101567655000000
25764106,0x52b231a6e448cab9bb88b4b7950482073e1c7e17,1000000000000000000000
25716769,0x6f1457921a5fab605375e9ddc7b1b5d1380410f6,1000000000000000000000000
25837831,0xefe320582dec3ac7cf2358b9ba0e27b203d06ec6,1000000000000000000000000
26358836,0xaf2b501659b8de6b23f84241afbcf43001729115,196692425017121612529844
25716840,0xd51b3f28838143a03347682d7a8cbeccda03dd24,1000000000000000000000000
25716961,0xc634d9cf17a1352b9d0b5395ad20c4117c16caaa,464529046146023000000
26164649,0x9e9221a9afce3e1c4e22c84ddb8fc2d63742d66d,15753006431754945119949
25729974,0x764d63adb804c3ef8dd51a80bebbe1f26d420025,1401182561674859830
26388820,0x7be5460a6f3939c02c3097b00e97951dd4e36f8d,1899006262817677099066
25895139,0x7f8769ce8488f1d3fa5337377e2106faab7850c1,1000000000000000000000000
26212217,0xf18aeb4845e6b097841c334a8075665ccd1af77c,12046236313259393477515
25752532,0x4ea7319e98549062078f425cc66f939dbc916f3d,8374425500031915626987
25710466,0xebf27e7717b9806e1eee73cf0cc53dbaa9eaa6c9,2890895364817646000000
26189982,0x05a538a6757c82bacc8526bb1c86c668f4b30e8e,6561714675024616533693
25912332,0x1ab2ea0f61f7cd788fbded408e28d8dabf13daf8,333333333333333333333333
25722504,0xd26d0648bb1857ddea9e5b14fff4364890811659,1006219888765767047795
26132944,0xd64997ddc30869ea7ef865a421c80653ad761483,115000000000000000000000
25935444,0xc3d0ef821835a262bb75f366a205431e2d1a433a,1940686312553350000000
25908474,0xab8fd4c773f79eb6fce87c0612b0473b2a408e70,7054440413767149000000
25743426,0xa3c0b3e2504235ff20bdb4770fc74c06d04c6a26,1000000000000000000000000
25751990,0xc8b133c2de23e47d412efb30e3068f8da4e25688,19973967347000000000000
25710493,0xce37ed7baffbab5a7c7350fb8dddea453fe11c2b,7803018174219056195862
26280209,0x4ae0bbaddea7a9f34b8bcf6e80fe0589ebbdeecf,66091246362516099782677
25712264,0xfb05ee9adc1a66b95003e963a3ae9ff44d4e4cb6,500000000000000000000
26184384,0x86381d7f3a3a865ae157a81c16b1c3abd5f07a35,50000000000000000000000
26397354,0x6ac69296de99236da854603cb3ebfb84c28af55c,1432361667602605433273
25869983,0xfdc0502bb20c24fae65faf8470c3e18dee3ede5f,1000000000000000000000000
26385382,0x0497897002d24eb1469420c749ce8e6478fb5ed8,100000000000000000000
25782183,0x3cf93482856d277e3cb5e6f6c6e0083d06cf2b36,90756000740940268651392
25941067,0xed6ac3a92e4a77b0553f2a243afc51b3b865d3e1,2864499140417374803649
25855838,0xd056d70ce1501dfb741fa36fd76c12ff8bf73572,50000000000000000000000
26182955,0xdf0121dfebddc9423c2d73c15f9dacd1ddb5b987,512362153022728831051
26148066,0xd89e9d143d1e2a5cb2a0e56e1e1bfe45251781d4,200679687751276461367762
25734096,0xf4545ea90b5f8968fb7a5d07cc6773416d02427f,1000000000000000000000000
25711687,0x43a91286dca3791ded9b548e63c1543a5a2ab087,4771053544034842000000
26388194,0x57de99e9d151398ebb827421f777c707a1226edf,35614734643875038341144
26347712,0x8c8910e0623ba5bea1e79c409adbf57f21b377be,477007887559699637501082
26281657,0x0202ef0ff22c58039de970c4460c9ebd2ed6b309,98471798508457323649
26378756,0x9fafca93c28a94bb233d0640e7423944de52fb0a,426535840792080746606415
25725445,0xcebbac195f96c39d818bcdabf814a41cc74e92b7,5000000000000000000000
25710482,0x7d0ce9bb923233868b8dff5ad4b20bc4a11e85bc,4878383928000000000000
25950226,0x61cc8f06f3b6e1a3fba28cbebc4c89304b1187d1,27564697327479277000000
26112438,0xad36b76446bbad4f9f04b8c81eba3af7f10dfcac,2000000000000000000000
25723222,0x18b2a61d1a804fba6570ff186f05f5884194571b,1000000000000000000000000
26300732,0x1ac86c9c62fff8f570350457480c0a25f1b0ece3,33602271629165720141257
25995026,0x2273b8cd7afc2d0397708e51177fd366d2d40dfd,1278530555861263184805
25719233,0xb88d720498705abb56a8739bad4b18e25c0b7efd,4853520881499818381931
25859304,0x0abb41a78ea2333a260dbae198b00e3bf408a8f6,71092198624203682880
26104887,0xbaf227ba165f9484ed1b8fc31f5c52692f220303,100000000000000000000
25964327,0xca4c63ca6c9b9a45b8b296733151fa034144c182,10000000000000000000000
26364239,0xfd26c82414048a9fac78694f7c6f2b318960e5c8,3233699495150492489566
25942563,0x8fa84759562491b2b92fa649971a236054f5c413,41124496629377983614800
25727758,0x01e8fe2e6ae7bfa704c39942cfd62fc46d6400f3,11625240284302717000000
25869858,0x8e79742adb81ed3ce83c2478c77bb14bb0ad0280,1318442290139675135781
26037745,0x605e39d307bad8c70f0124da9f604434d8067488,250000000000000000000
